,Country Name,Country Code,year,population
0,Afghanistan,AFG,Unnamed: 0,0
1,Albania,ALB,Unnamed: 0,1
2,Algeria,DZA,Unnamed: 0,2
3,American Samoa,ASM,Unnamed: 0,3
4,Andorra,AND,Unnamed: 0,4
5,Angola,AGO,Unnamed: 0,5
6,Antigua and Barbuda,ATG,Unnamed: 0,6
7,Argentina,ARG,Unnamed: 0,7
8,Armenia,ARM,Unnamed: 0,8
9,Aruba,ABW,Unnamed: 0,9
10,Australia,AUS,Unnamed: 0,10
11,Austria,AUT,Unnamed: 0,11
12,Azerbaijan,AZE,Unnamed: 0,12
13,Afghanistan,AFG,1960,8996973
14,Albania,ALB,1960,1608800
15,Algeria,DZA,1960,11057863
16,American Samoa,ASM,1960,20123
17,Andorra,AND,1960,13411
18,Angola,AGO,1960,5454933
19,Antigua and Barbuda,ATG,1960,54131
20,Argentina,ARG,1960,20481779
21,Armenia,ARM,1960,1874121
22,Aruba,ABW,1960,54211
23,Australia,AUS,1960,10276477
24,Austria,AUT,1960,7047539
25,Azerbaijan,AZE,1960,3895397
26,Afghanistan,AFG,1961,9169410
27,Albania,ALB,1961,1659800
28,Algeria,DZA,1961,11336339
29,American Samoa,ASM,1961,20602
30,Andorra,AND,1961,14375
31,Angola,AGO,1961,5531472
32,Antigua and Barbuda,ATG,1961,55001
33,Argentina,ARG,1961,20817266
34,Armenia,ARM,1961,1941492
35,Aruba,ABW,1961,55438
36,Australia,AUS,1961,10483000
37,Austria,AUT,1961,7086299
38,Azerbaijan,AZE,1961,4030322
39,Afghanistan,AFG,1962,9351441
40,Albania,ALB,1962,1711319
41,Algeria,DZA,1962,11619828
42,American Samoa,ASM,1962,21253
43,Andorra,AND,1962,15370
44,Angola,AGO,1962,5608539
45,Antigua and Barbuda,ATG,1962,55841
46,Argentina,ARG,1962,21153052
47,Armenia,ARM,1962,2009526
48,Aruba,ABW,1962,56225
49,Australia,AUS,1962,10742000
50,Austria,AUT,1962,7129864
51,Azerbaijan,AZE,1962,4171426
52,Afghanistan,AFG,1963,9543205
53,Albania,ALB,1963,1762621
54,Algeria,DZA,1963,11912803
55,American Samoa,ASM,1963,22034
56,Andorra,AND,1963,16412
57,Angola,AGO,1963,5679458
58,Antigua and Barbuda,ATG,1963,56702
59,Argentina,ARG,1963,21488912
60,Armenia,ARM,1963,2077578
61,Aruba,ABW,1963,56695
62,Australia,AUS,1963,10950000
63,Austria,AUT,1963,7175811
64,Azerbaijan,AZE,1963,4315127
65,Afghanistan,AFG,1964,9744781
66,Albania,ALB,1964,1814135
67,Algeria,DZA,1964,12221675
68,American Samoa,ASM,1964,22854
69,Andorra,AND,1964,17469
70,Angola,AGO,1964,5735044
71,Antigua and Barbuda,ATG,1964,57641
72,Argentina,ARG,1964,21824425
73,Armenia,ARM,1964,2145001
74,Aruba,ABW,1964,57032
75,Australia,AUS,1964,11167000
76,Austria,AUT,1964,7223801
77,Azerbaijan,AZE,1964,4456687
78,Afghanistan,AFG,1965,9956320
79,Albania,ALB,1965,1864791
80,Algeria,DZA,1965,12550885
81,American Samoa,ASM,1965,23672
82,Andorra,AND,1965,18549
83,Angola,AGO,1965,5770570
84,Antigua and Barbuda,ATG,1965,58698
85,Argentina,ARG,1965,22159650
86,Armenia,ARM,1965,2211319
87,Aruba,ABW,1965,57360
88,Australia,AUS,1965,11388000
89,Austria,AUT,1965,7270889
90,Azerbaijan,AZE,1965,4592609
91,Afghanistan,AFG,1966,10174836
92,Albania,ALB,1966,1914573
93,Algeria,DZA,1966,12902627
94,American Samoa,ASM,1966,24462
95,Andorra,AND,1966,19647
96,Angola,AGO,1966,5781214
97,Antigua and Barbuda,ATG,1966,59915
98,Argentina,ARG,1966,22494035
99,Armenia,ARM,1966,2276034
100,Aruba,ABW,1966,57715
101,Australia,AUS,1966,11651000
102,Austria,AUT,1966,7322066
103,Azerbaijan,AZE,1966,4721523
104,Afghanistan,AFG,1967,10399926
105,Albania,ALB,1967,1965598
106,Algeria,DZA,1967,13275026
107,American Samoa,ASM,1967,25248
108,Andorra,AND,1967,20758
109,Angola,AGO,1967,5774243
110,Antigua and Barbuda,ATG,1967,61241
111,Argentina,ARG,1967,22828869
112,Armenia,ARM,1967,2339127
113,Aruba,ABW,1967,58055
114,Australia,AUS,1967,11799000
115,Austria,AUT,1967,7376998
116,Azerbaijan,AZE,1967,4843868
117,Afghanistan,AFG,1968,10637063
118,Albania,ALB,1968,2022272
119,Algeria,DZA,1968,13663583
120,American Samoa,ASM,1968,25989
121,Andorra,AND,1968,21890
122,Angola,AGO,1968,5771652
123,Antigua and Barbuda,ATG,1968,62521
124,Argentina,ARG,1968,23168267
125,Armenia,ARM,1968,2401143
126,Aruba,ABW,1968,58386
127,Australia,AUS,1968,12009000
128,Austria,AUT,1968,7415403
129,Azerbaijan,AZE,1968,4960232
130,Afghanistan,AFG,1969,10893776
131,Albania,ALB,1969,2081695
132,Algeria,DZA,1969,14061722
133,American Samoa,ASM,1969,26703
134,Andorra,AND,1969,23058
135,Angola,AGO,1969,5803254
136,Antigua and Barbuda,ATG,1969,63550
137,Argentina,ARG,1969,23517611
138,Armenia,ARM,1969,2462928
139,Aruba,ABW,1969,58726
140,Australia,AUS,1969,12263000
141,Austria,AUT,1969,7441055
142,Azerbaijan,AZE,1969,5071927
143,Afghanistan,AFG,1970,11173642
144,Albania,ALB,1970,2135479
145,Algeria,DZA,1970,14464985
146,American Samoa,ASM,1970,27363
147,Andorra,AND,1970,24276
148,Angola,AGO,1970,5890365
149,Antigua and Barbuda,ATG,1970,64177
150,Argentina,ARG,1970,23880561
151,Armenia,ARM,1970,2525068
152,Aruba,ABW,1970,59063
153,Australia,AUS,1970,12507000
154,Austria,AUT,1970,7467086
155,Azerbaijan,AZE,1970,5180023
156,Afghanistan,AFG,1971,11475445
157,Albania,ALB,1971,2187853
158,Algeria,DZA,1971,14872250
159,American Samoa,ASM,1971,27984
160,Andorra,AND,1971,25559
161,Angola,AGO,1971,6040777
162,Antigua and Barbuda,ATG,1971,64357
163,Argentina,ARG,1971,24259561
164,Armenia,ARM,1971,2587708
165,Aruba,ABW,1971,59440
166,Australia,AUS,1971,12937000
167,Austria,AUT,1971,7500482
168,Azerbaijan,AZE,1971,5284531
169,Afghanistan,AFG,1972,11791215
170,Albania,ALB,1972,2243126
171,Algeria,DZA,1972,15285990
172,American Samoa,ASM,1972,28567
173,Andorra,AND,1972,26892
174,Angola,AGO,1972,6248552
175,Antigua and Barbuda,ATG,1972,64133
176,Argentina,ARG,1972,24653175
177,Armenia,ARM,1972,2650486
178,Aruba,ABW,1972,59840
179,Australia,AUS,1972,13177000
180,Austria,AUT,1972,7544201
181,Azerbaijan,AZE,1972,5385263
182,Afghanistan,AFG,1973,12108963
183,Albania,ALB,1973,2296752
184,Algeria,DZA,1973,15709825
185,American Samoa,ASM,1973,29100
186,Andorra,AND,1973,28232
187,Angola,AGO,1973,6496962
188,Antigua and Barbuda,ATG,1973,63650
189,Argentina,ARG,1973,25056478
190,Armenia,ARM,1973,2712786
191,Aruba,ABW,1973,60243
192,Australia,AUS,1973,13380000
193,Austria,AUT,1973,7586115
194,Azerbaijan,AZE,1973,5483082
195,Afghanistan,AFG,1974,12412950
196,Albania,ALB,1974,2350124
197,Algeria,DZA,1974,16149025
198,American Samoa,ASM,1974,29596
199,Andorra,AND,1974,29520
200,Angola,AGO,1974,6761380
201,Antigua and Barbuda,ATG,1974,63120
202,Argentina,ARG,1974,25462302
203,Armenia,ARM,1974,2773748
204,Aruba,ABW,1974,60528
205,Australia,AUS,1974,13723000
206,Austria,AUT,1974,7599038
207,Azerbaijan,AZE,1974,5579072
208,Afghanistan,AFG,1975,12689160
209,Albania,ALB,1975,2404831
210,Algeria,DZA,1975,16607707
211,American Samoa,ASM,1975,30052
212,Andorra,AND,1975,30705
213,Angola,AGO,1975,7024000
214,Antigua and Barbuda,ATG,1975,62675
215,Argentina,ARG,1975,25865776
216,Armenia,ARM,1975,2832759
217,Aruba,ABW,1975,60657
218,Australia,AUS,1975,13893000
219,Austria,AUT,1975,7578903
220,Azerbaijan,AZE,1975,5674133
221,Afghanistan,AFG,1976,12943093
222,Albania,ALB,1976,2458526
223,Algeria,DZA,1976,17085801
224,American Samoa,ASM,1976,30456
225,Andorra,AND,1976,31777
226,Angola,AGO,1976,7279509
227,Antigua and Barbuda,ATG,1976,62367
228,Argentina,ARG,1976,26264681
229,Armenia,ARM,1976,2889579
230,Aruba,ABW,1976,60586
231,Australia,AUS,1976,14033000
232,Austria,AUT,1976,7565525
233,Azerbaijan,AZE,1976,5768721
234,Afghanistan,AFG,1977,13171306
235,Albania,ALB,1977,2513546
236,Algeria,DZA,1977,17582904
237,American Samoa,ASM,1977,30838
238,Andorra,AND,1977,32771
239,Angola,AGO,1977,7533735
240,Antigua and Barbuda,ATG,1977,62159
241,Argentina,ARG,1977,26661398
242,Armenia,ARM,1977,2944383
243,Aruba,ABW,1977,60366
244,Australia,AUS,1977,14192000
245,Austria,AUT,1977,7568430
246,Azerbaijan,AZE,1977,5863132
247,Afghanistan,AFG,1978,13341198
248,Albania,ALB,1978,2566266
249,Algeria,DZA,1978,18102266
250,American Samoa,ASM,1978,31269
251,Andorra,AND,1978,33737
252,Angola,AGO,1978,7790707
253,Antigua and Barbuda,ATG,1978,62036
254,Argentina,ARG,1978,27061047
255,Armenia,ARM,1978,2997417
256,Aruba,ABW,1978,60103
257,Australia,AUS,1978,14358000
258,Austria,AUT,1978,7562305
259,Azerbaijan,AZE,1978,5957925
260,Afghanistan,AFG,1979,13411056
261,Albania,ALB,1979,2617832
262,Algeria,DZA,1979,18647815
263,American Samoa,ASM,1979,31845
264,Andorra,AND,1979,34818
265,Angola,AGO,1979,8058067
266,Antigua and Barbuda,ATG,1979,61952
267,Argentina,ARG,1979,27471036
268,Armenia,ARM,1979,3049109
269,Aruba,ABW,1979,59980
270,Australia,AUS,1979,14514000
271,Austria,AUT,1979,7549425
272,Azerbaijan,AZE,1979,6053640
273,Afghanistan,AFG,1980,13356511
274,Albania,ALB,1980,2671997
275,Algeria,DZA,1980,19221665
276,American Samoa,ASM,1980,32646
277,Andorra,AND,1980,36067
278,Angola,AGO,1980,8341289
279,Antigua and Barbuda,ATG,1980,61865
280,Argentina,ARG,1980,27896528
281,Armenia,ARM,1980,3099754
282,Aruba,ABW,1980,60096
283,Australia,AUS,1980,14692000
284,Austria,AUT,1980,7549433
285,Azerbaijan,AZE,1980,6150733
286,Afghanistan,AFG,1981,13171673
287,Albania,ALB,1981,2726056
288,Algeria,DZA,1981,19824301
289,American Samoa,ASM,1981,33701
290,Andorra,AND,1981,37500
291,Angola,AGO,1981,8640446
292,Antigua and Barbuda,ATG,1981,61800
293,Argentina,ARG,1981,28338515
294,Armenia,ARM,1981,3148096
295,Aruba,ABW,1981,60567
296,Australia,AUS,1981,14927000
297,Austria,AUT,1981,7568710
298,Azerbaijan,AZE,1981,6249314
299,Afghanistan,AFG,1982,12882528
300,Albania,ALB,1982,2784278
301,Algeria,DZA,1982,20452902
302,American Samoa,ASM,1982,34968
303,Andorra,AND,1982,39114
304,Angola,AGO,1982,8952950
305,Antigua and Barbuda,ATG,1982,61779
306,Argentina,ARG,1982,28794548
307,Armenia,ARM,1982,3193689
308,Aruba,ABW,1982,61345
309,Australia,AUS,1982,15178000
310,Austria,AUT,1982,7574140
311,Azerbaijan,AZE,1982,6349553
312,Afghanistan,AFG,1983,12537730
313,Albania,ALB,1983,2843960
314,Algeria,DZA,1983,21101875
315,American Samoa,ASM,1983,36412
316,Andorra,AND,1983,40867
317,Angola,AGO,1983,9278096
318,Antigua and Barbuda,ATG,1983,61787
319,Argentina,ARG,1983,29262047
320,Armenia,ARM,1983,3238595
321,Aruba,ABW,1983,62201
322,Australia,AUS,1983,15369000
323,Austria,AUT,1983,7561910
324,Azerbaijan,AZE,1983,6452069
325,Afghanistan,AFG,1984,12204292
326,Albania,ALB,1984,2904429
327,Algeria,DZA,1984,21763575
328,American Samoa,ASM,1984,37946
329,Andorra,AND,1984,42706
330,Angola,AGO,1984,9614754
331,Antigua and Barbuda,ATG,1984,61786
332,Argentina,ARG,1984,29737093
333,Armenia,ARM,1984,3285599
334,Aruba,ABW,1984,62836
335,Australia,AUS,1984,15544000
336,Austria,AUT,1984,7561434
337,Azerbaijan,AZE,1984,6557581
338,Afghanistan,AFG,1985,11938208
339,Albania,ALB,1985,2964762
340,Algeria,DZA,1985,22431502
341,American Samoa,ASM,1985,39519
342,Andorra,AND,1985,44600
343,Angola,AGO,1985,9961997
344,Antigua and Barbuda,ATG,1985,61786
345,Argentina,ARG,1985,30216279
346,Armenia,ARM,1985,3335940
347,Aruba,ABW,1985,63026
348,Australia,AUS,1985,15758000
349,Austria,AUT,1985,7564985
350,Azerbaijan,AZE,1985,6666447
351,Afghanistan,AFG,1986,11736179
352,Albania,ALB,1986,3022635
353,Algeria,DZA,1986,23102389
354,American Samoa,ASM,1986,41119
355,Andorra,AND,1986,46517
356,Angola,AGO,1986,10320111
357,Antigua and Barbuda,ATG,1986,61754
358,Argentina,ARG,1986,30698964
359,Armenia,ARM,1986,3392264
360,Aruba,ABW,1986,62644
361,Australia,AUS,1986,16018400
362,Austria,AUT,1986,7569794
363,Azerbaijan,AZE,1986,6778624
364,Afghanistan,AFG,1987,11604534
365,Albania,ALB,1987,3083605
366,Algeria,DZA,1987,23774284
367,American Samoa,ASM,1987,42740
368,Andorra,AND,1987,48455
369,Angola,AGO,1987,10689250
370,Antigua and Barbuda,ATG,1987,61717
371,Argentina,ARG,1987,31184415
372,Armenia,ARM,1987,3451947
373,Aruba,ABW,1987,61833
374,Australia,AUS,1987,16263900
375,Austria,AUT,1987,7574586
376,Azerbaijan,AZE,1987,6893489
377,Afghanistan,AFG,1988,11618005
378,Albania,ALB,1988,3142336
379,Algeria,DZA,1988,24443467
380,American Samoa,ASM,1988,44343
381,Andorra,AND,1988,50434
382,Angola,AGO,1988,11068050
383,Antigua and Barbuda,ATG,1988,61771
384,Argentina,ARG,1988,31668949
385,Armenia,ARM,1988,3504659
386,Aruba,ABW,1988,61079
387,Australia,AUS,1988,16532200
388,Austria,AUT,1988,7585317
389,Azerbaijan,AZE,1988,7010027
390,Afghanistan,AFG,1989,11868877
391,Albania,ALB,1989,3227943
392,Algeria,DZA,1989,25106190
393,American Samoa,ASM,1989,45894
394,Andorra,AND,1989,52448
395,Angola,AGO,1989,11454777
396,Antigua and Barbuda,ATG,1989,62008
397,Argentina,ARG,1989,32148134
398,Armenia,ARM,1989,3536474
399,Aruba,ABW,1989,61032
400,Australia,AUS,1989,16814400
401,Austria,AUT,1989,7619567
402,Azerbaijan,AZE,1989,7126881
403,Afghanistan,AFG,1990,12412308
404,Albania,ALB,1990,3286542
405,Algeria,DZA,1990,25758869
406,American Samoa,ASM,1990,47347
407,Andorra,AND,1990,54509
408,Angola,AGO,1990,11848386
409,Antigua and Barbuda,ATG,1990,62528
410,Argentina,ARG,1990,32618651
411,Armenia,ARM,1990,3538171
412,Aruba,ABW,1990,62149
413,Australia,AUS,1990,17065100
414,Austria,AUT,1990,7677850
415,Azerbaijan,AZE,1990,7159000
416,Afghanistan,AFG,1991,13299017
417,Albania,ALB,1991,3266790
418,Algeria,DZA,1991,26400479
419,American Samoa,ASM,1991,48685
420,Andorra,AND,1991,56671
421,Angola,AGO,1991,12248901
422,Antigua and Barbuda,ATG,1991,63367
423,Argentina,ARG,1991,33079000
424,Armenia,ARM,1991,3505258
425,Aruba,ABW,1991,64622
426,Australia,AUS,1991,17284000
427,Austria,AUT,1991,7754891
428,Azerbaijan,AZE,1991,7271000
429,Afghanistan,AFG,1992,14485546
430,Albania,ALB,1992,3247039
431,Algeria,DZA,1992,27028326
432,American Samoa,ASM,1992,49896
433,Andorra,AND,1992,58888
434,Angola,AGO,1992,12657366
435,Antigua and Barbuda,ATG,1992,64471
436,Argentina,ARG,1992,33529326
437,Armenia,ARM,1992,3442817
438,Aruba,ABW,1992,68235
439,Australia,AUS,1992,17495000
440,Austria,AUT,1992,7840709
441,Azerbaijan,AZE,1992,7382000
442,Afghanistan,AFG,1993,15816603
443,Albania,ALB,1993,3227287
444,Algeria,DZA,1993,27635515
445,American Samoa,ASM,1993,51020
446,Andorra,AND,1993,60971
447,Angola,AGO,1993,13075049
448,Antigua and Barbuda,ATG,1993,65777
449,Argentina,ARG,1993,33970111
450,Armenia,ARM,1993,3363108
451,Aruba,ABW,1993,72504
452,Australia,AUS,1993,17667000
453,Austria,AUT,1993,7905633
454,Azerbaijan,AZE,1993,7495000
455,Afghanistan,AFG,1994,17075727
456,Albania,ALB,1994,3207536
457,Algeria,DZA,1994,28213774
458,American Samoa,ASM,1994,52095
459,Andorra,AND,1994,62677
460,Angola,AGO,1994,13503747
461,Antigua and Barbuda,ATG,1994,67204
462,Argentina,ARG,1994,34402672
463,Armenia,ARM,1994,3283667
464,Aruba,ABW,1994,76700
465,Australia,AUS,1994,17855000
466,Austria,AUT,1994,7936118
467,Azerbaijan,AZE,1994,7597000
468,Afghanistan,AFG,1995,18110657
469,Albania,ALB,1995,3187784
470,Algeria,DZA,1995,28757785
471,American Samoa,ASM,1995,53161
472,Andorra,AND,1995,63850
473,Angola,AGO,1995,13945206
474,Antigua and Barbuda,ATG,1995,68670
475,Argentina,ARG,1995,34828170
476,Armenia,ARM,1995,3217348
477,Aruba,ABW,1995,80324
478,Australia,AUS,1995,18072000
479,Austria,AUT,1995,7948278
480,Azerbaijan,AZE,1995,7685000
481,Afghanistan,AFG,1996,18853437
482,Albania,ALB,1996,3168033
483,Algeria,DZA,1996,29266405
484,American Samoa,ASM,1996,54211
485,Andorra,AND,1996,64360
486,Angola,AGO,1996,14400719
487,Antigua and Barbuda,ATG,1996,70173
488,Argentina,ARG,1996,35246374
489,Armenia,ARM,1996,3168221
490,Aruba,ABW,1996,83200
491,Australia,AUS,1996,18311000
492,Austria,AUT,1996,7959017
493,Azerbaijan,AZE,1996,7763000
494,Afghanistan,AFG,1997,19357126
495,Albania,ALB,1997,3148281
496,Algeria,DZA,1997,29742979
497,American Samoa,ASM,1997,55221
498,Andorra,AND,1997,64327
499,Angola,AGO,1997,14871570
500,Antigua and Barbuda,ATG,1997,71704
501,Argentina,ARG,1997,35657429
502,Armenia,ARM,1997,3133089
503,Aruba,ABW,1997,85451
504,Australia,AUS,1997,18517000
505,Austria,AUT,1997,7968041
506,Azerbaijan,AZE,1997,7838250
507,Afghanistan,AFG,1998,19737765
508,Albania,ALB,1998,3128530
509,Algeria,DZA,1998,30192754
510,American Samoa,ASM,1998,56171
511,Andorra,AND,1998,64142
512,Angola,AGO,1998,15359601
513,Antigua and Barbuda,ATG,1998,73224
514,Argentina,ARG,1998,36063459
515,Armenia,ARM,1998,3108687
516,Aruba,ABW,1998,87277
517,Australia,AUS,1998,18711000
518,Austria,AUT,1998,7976789
519,Azerbaijan,AZE,1998,7913000
520,Afghanistan,AFG,1999,20170844
521,Albania,ALB,1999,3108778
522,Algeria,DZA,1999,30623406
523,American Samoa,ASM,1999,57053
524,Andorra,AND,1999,64370
525,Angola,AGO,1999,15866869
526,Antigua and Barbuda,ATG,1999,74674
527,Argentina,ARG,1999,36467218
528,Armenia,ARM,1999,3089022
529,Aruba,ABW,1999,89005
530,Australia,AUS,1999,18926000
531,Austria,AUT,1999,7992324
532,Azerbaijan,AZE,1999,7982750
533,Afghanistan,AFG,2000,20779953
534,Albania,ALB,2000,3089027
535,Algeria,DZA,2000,31042235
536,American Samoa,ASM,2000,57821
537,Andorra,AND,2000,65390
538,Angola,AGO,2000,16395473
539,Antigua and Barbuda,ATG,2000,76016
540,Argentina,ARG,2000,36870787
541,Armenia,ARM,2000,3069591
542,Aruba,ABW,2000,90853
543,Australia,AUS,2000,19153000
544,Austria,AUT,2000,8011566
545,Azerbaijan,AZE,2000,8048600
546,Afghanistan,AFG,2001,21606988
547,Albania,ALB,2001,3060173
548,Algeria,DZA,2001,31451514
549,American Samoa,ASM,2001,58494
550,Andorra,AND,2001,67341
551,Angola,AGO,2001,16945753
552,Antigua and Barbuda,ATG,2001,77212
553,Argentina,ARG,2001,37275652
554,Armenia,ARM,2001,3050687
555,Aruba,ABW,2001,92898
556,Australia,AUS,2001,19413000
557,Austria,AUT,2001,8042293
558,Azerbaijan,AZE,2001,8111200
559,Afghanistan,AFG,2002,22600770
560,Albania,ALB,2002,3051010
561,Algeria,DZA,2002,31855109
562,American Samoa,ASM,2002,59080
563,Andorra,AND,2002,70049
564,Angola,AGO,2002,17519417
565,Antigua and Barbuda,ATG,2002,78295
566,Argentina,ARG,2002,37681749
567,Armenia,ARM,2002,3033978
568,Aruba,ABW,2002,94992
569,Australia,AUS,2002,19651400
570,Austria,AUT,2002,8081957
571,Azerbaijan,AZE,2002,8171950
572,Afghanistan,AFG,2003,23680871
573,Albania,ALB,2003,3039616
574,Algeria,DZA,2003,32264157
575,American Samoa,ASM,2003,59504
576,Andorra,AND,2003,73182
577,Angola,AGO,2003,18121479
578,Antigua and Barbuda,ATG,2003,79300
579,Argentina,ARG,2003,38087868
580,Armenia,ARM,2003,3017932
581,Aruba,ABW,2003,97017
582,Australia,AUS,2003,19895400
583,Austria,AUT,2003,8121423
584,Azerbaijan,AZE,2003,8234100
585,Afghanistan,AFG,2004,24726684
586,Albania,ALB,2004,3026939
587,Algeria,DZA,2004,32692163
588,American Samoa,ASM,2004,59681
589,Andorra,AND,2004,76244
590,Angola,AGO,2004,18758145
591,Antigua and Barbuda,ATG,2004,80336
592,Argentina,ARG,2004,38491972
593,Armenia,ARM,2004,3000720
594,Aruba,ABW,2004,98737
595,Australia,AUS,2004,20127400
596,Austria,AUT,2004,8171966
597,Azerbaijan,AZE,2004,8306500
598,Afghanistan,AFG,2005,25654277
599,Albania,ALB,2005,3011487
600,Algeria,DZA,2005,33149724
601,American Samoa,ASM,2005,59562
602,Andorra,AND,2005,78867
603,Angola,AGO,2005,19433602
604,Antigua and Barbuda,ATG,2005,81465
605,Argentina,ARG,2005,38892931
606,Armenia,ARM,2005,2981269
607,Aruba,ABW,2005,100031
608,Australia,AUS,2005,20394800
609,Austria,AUT,2005,8227829
610,Azerbaijan,AZE,2005,8391850
611,Afghanistan,AFG,2006,26433049
612,Albania,ALB,2006,2992547
613,Algeria,DZA,2006,33641002
614,American Samoa,ASM,2006,59107
615,Andorra,AND,2006,80993
616,Angola,AGO,2006,20149901
617,Antigua and Barbuda,ATG,2006,82704
618,Argentina,ARG,2006,39289878
619,Armenia,ARM,2006,2958307
620,Aruba,ABW,2006,100834
621,Australia,AUS,2006,20697900
622,Austria,AUT,2006,8268641
623,Azerbaijan,AZE,2006,8484550
624,Afghanistan,AFG,2007,27100536
625,Albania,ALB,2007,2970017
626,Algeria,DZA,2007,34166972
627,American Samoa,ASM,2007,58365
628,Andorra,AND,2007,82684
629,Angola,AGO,2007,20905363
630,Antigua and Barbuda,ATG,2007,84026
631,Argentina,ARG,2007,39684295
632,Armenia,ARM,2007,2932618
633,Aruba,ABW,2007,101222
634,Australia,AUS,2007,20827600
635,Austria,AUT,2007,8295487
636,Azerbaijan,AZE,2007,8581300
637,Afghanistan,AFG,2008,27722276
638,Albania,ALB,2008,2947314
639,Algeria,DZA,2008,34730608
640,American Samoa,ASM,2008,57492
641,Andorra,AND,2008,83862
642,Angola,AGO,2008,21695634
643,Antigua and Barbuda,ATG,2008,85397
644,Argentina,ARG,2008,40080160
645,Armenia,ARM,2008,2907618
646,Aruba,ABW,2008,101358
647,Australia,AUS,2008,21249200
648,Austria,AUT,2008,8321496
649,Azerbaijan,AZE,2008,8763400
650,Afghanistan,AFG,2009,28394813
651,Albania,ALB,2009,2927519
652,Algeria,DZA,2009,35333881
653,American Samoa,ASM,2009,56683
654,Andorra,AND,2009,84463
655,Angola,AGO,2009,22514281
656,Antigua and Barbuda,ATG,2009,86746
657,Argentina,ARG,2009,40482788
658,Armenia,ARM,2009,2888092
659,Aruba,ABW,2009,101455
660,Australia,AUS,2009,21691700
661,Austria,AUT,2009,8343323
662,Azerbaijan,AZE,2009,8947243
663,Afghanistan,AFG,2010,29185507
664,Albania,ALB,2010,2913021
665,Algeria,DZA,2010,35977455
666,American Samoa,ASM,2010,56079
667,Andorra,AND,2010,84449
668,Angola,AGO,2010,23356246
669,Antigua and Barbuda,ATG,2010,88028
670,Argentina,ARG,2010,40788453
671,Armenia,ARM,2010,2877319
672,Aruba,ABW,2010,101669
673,Australia,AUS,2010,22031750
674,Austria,AUT,2010,8363404
675,Azerbaijan,AZE,2010,9054332
676,Afghanistan,AFG,2011,30117413
677,Albania,ALB,2011,2905195
678,Algeria,DZA,2011,36661444
679,American Samoa,ASM,2011,55759
680,Andorra,AND,2011,83747
681,Angola,AGO,2011,24220661
682,Antigua and Barbuda,ATG,2011,89253
683,Argentina,ARG,2011,41261490
684,Armenia,ARM,2011,2876538
685,Aruba,ABW,2011,102046
686,Australia,AUS,2011,22340024
687,Austria,AUT,2011,8391643
688,Azerbaijan,AZE,2011,9173082
689,Afghanistan,AFG,2012,31161376
690,Albania,ALB,2012,2900401
691,Algeria,DZA,2012,37383887
692,American Samoa,ASM,2012,55667
693,Andorra,AND,2012,82427
694,Angola,AGO,2012,25107931
695,Antigua and Barbuda,ATG,2012,90409
696,Argentina,ARG,2012,41733271
697,Armenia,ARM,2012,2884229
698,Aruba,ABW,2012,102560
699,Australia,AUS,2012,22733465
700,Austria,AUT,2012,8429991
701,Azerbaijan,AZE,2012,9295784
702,Afghanistan,AFG,2013,32269589
703,Albania,ALB,2013,2895092
704,Algeria,DZA,2013,38140132
705,American Samoa,ASM,2013,55713
706,Andorra,AND,2013,80774
707,Angola,AGO,2013,26015780
708,Antigua and Barbuda,ATG,2013,91516
709,Argentina,ARG,2013,42202935
710,Armenia,ARM,2013,2897584
711,Aruba,ABW,2013,103159
712,Australia,AUS,2013,23128129
713,Austria,AUT,2013,8479823
714,Azerbaijan,AZE,2013,9416801
715,Afghanistan,AFG,2014,33370794
716,Albania,ALB,2014,2889104
717,Algeria,DZA,2014,38923687
718,American Samoa,ASM,2014,55791
719,Andorra,AND,2014,79213
720,Angola,AGO,2014,26941779
721,Antigua and Barbuda,ATG,2014,92562
722,Argentina,ARG,2014,42669500
723,Armenia,ARM,2014,2912403
724,Aruba,ABW,2014,103774
725,Australia,AUS,2014,23475686
726,Austria,AUT,2014,8546356
727,Azerbaijan,AZE,2014,9535079
728,Afghanistan,AFG,2015,34413603
729,Albania,ALB,2015,2880703
730,Algeria,DZA,2015,39728025
731,American Samoa,ASM,2015,55812
732,Andorra,AND,2015,78011
733,Angola,AGO,2015,27884381
734,Antigua and Barbuda,ATG,2015,93566
735,Argentina,ARG,2015,43131966
736,Armenia,ARM,2015,2925553
737,Aruba,ABW,2015,104341
738,Australia,AUS,2015,23815995
739,Austria,AUT,2015,8642699
740,Azerbaijan,AZE,2015,9649341
741,Afghanistan,AFG,2016,35383128
742,Albania,ALB,2016,2876101
743,Algeria,DZA,2016,40551404
744,American Samoa,ASM,2016,55741
745,Andorra,AND,2016,77297
746,Angola,AGO,2016,28842484
747,Antigua and Barbuda,ATG,2016,94527
748,Argentina,ARG,2016,43590368
749,Armenia,ARM,2016,2936146
750,Aruba,ABW,2016,104872
751,Australia,AUS,2016,24190907
752,Austria,AUT,2016,8736668
753,Azerbaijan,AZE,2016,9757812
754,Afghanistan,AFG,2017,36296400
755,Albania,ALB,2017,2873457
756,Algeria,DZA,2017,41389198
757,American Samoa,ASM,2017,55620
758,Andorra,AND,2017,77001
759,Angola,AGO,2017,29816748
760,Antigua and Barbuda,ATG,2017,95426
761,Argentina,ARG,2017,44044811
762,Armenia,ARM,2017,2944809
763,Aruba,ABW,2017,105366
764,Australia,AUS,2017,24601860
765,Austria,AUT,2017,8797566
766,Azerbaijan,AZE,2017,9854033
767,Afghanistan,AFG,2018,37172386
768,Albania,ALB,2018,2866376
769,Algeria,DZA,2018,42228429
770,American Samoa,ASM,2018,55465
771,Andorra,AND,2018,77006
772,Angola,AGO,2018,30809762
773,Antigua and Barbuda,ATG,2018,96286
774,Argentina,ARG,2018,44494502
775,Armenia,ARM,2018,2951776
776,Aruba,ABW,2018,105845
777,Australia,AUS,2018,24982688
778,Austria,AUT,2018,8840521
779,Azerbaijan,AZE,2018,9939800
